PurchaseCategory,AvgSpent
High,2149.0333333333333
Low,427.46735395189006
Medium,1180.6089965397923
